Workbook

Sheet README
A1: Majlas Dam — Reservoir Sedimentation Study
A2: Revised Elevation–Area–Volume curve after sediment deposition
A4: Method
A5: USBR Erosion and Sedimentation Manual, Chapter 2, Section 2.6:
A6: 2.6.1 Reservoir Sediment Trap Efficiency (Brune median curve)
A7: 2.6.2 Density of Deposited Sediment (Lara & Pemberton Eq. 2.39; Miller Eq. 2.40–2.41)
A8: 2.6.3 Sediment Distribution Within a Reservoir (Empirical Area-Reduction Method,
A9: Borland & Miller 1960 / Lara 1962)
A11: Workbook legend
A12: Blue text | B12: user input (edit these)
A13: Black text | B13: formula or computed result
A14: Green text | B14: link to another sheet
A15: Yellow fill | B15: designated input cell
A17: Sheets
A18: Inputs | B18: All study parameters (edit here)
A19: 2.6.1 Trap Efficiency | B19: Sediment supply & trap efficiency — live formulas
A20: 2.6.2 Density | B20: Deposited unit weight — live formulas
A21: 2.6.3 Distribution | B21: Area-Reduction redistribution table (computed)
A22: Revised EAV | B22: Original vs revised elevation–area–volume + chart
A23: Summary | B23: Key results (50-yr and 100-yr)
A25: Note: 2.6.3 uses iterative root-finding and is written as values. Re-run the Python engine (W1/) to redistribute for changed inputs.

Sheet Inputs
A1: Study Inputs — Majlas Dam
A3: Parameter | B3: Value | C3: Unit | D3: Source / note
A4: Catchment area | B4: 571.3 | C4: km² | D4: Basin Majlas.shp (equal-area) = 571.29 km²
A5: Sediment yield | B5: 122 | C5: m³/km²/yr | D5: Provided (delivered to dam site)
A6: Design horizon | B6: 50 | C6: years | D6: Primary horizon (adjustable)
A7: Trap efficiency | B7: 1 | C7: fraction | D7: TE = 100 % (client instruction; Brune needs mean annual inflow)
A8: Reservoir operation number | B8: 2 | C8: 1–4 | D8: Flood protection + water retention → moderate/considerable drawdown
A9: Clay fraction | B9: 0.1791 | C9: fraction | D9: SoilGrids v2.0, topsoil 0–30 cm, basin mean
A10: Silt fraction | B10: 0.2683 | C10: fraction | D10: SoilGrids v2.0, topsoil 0–30 cm, basin mean
A11: Sand fraction | B11: 0.5526 | C11: fraction | D11: SoilGrids v2.0, topsoil 0–30 cm, basin mean
A12: Full supply level (FSL) | B12: 83 | C12: m | D12: Normal pool; sediment distributed below FSL
A13: Reservoir bed level | B13: 19.405 | C13: m | D13: Wadi bed = EAV minimum
A14: Reference unit weight (optional) | C14: kg/m³ | D14: Blank = treat given yield as deposited volume (no rescale)
A16: Edit the yellow cells. 2.6.1 and 2.6.2 recompute automatically.

Sheet 2.6.1 Trap Efficiency
A1: 2.6.1 Sediment Supply and Trap Efficiency
A3: Sediment supply
A4: Gross sediment delivered = yield × area × horizon | B4: =Inputs!$B$5*Inputs!$B$4*Inputs!$B$6 | C4: m³
A5: Gross sediment delivered | B5: =B4/1000000 | C5: Mm³
A6: Trap efficiency (Brune median curve) | B6: =Inputs!$B$7 | C6: fraction
A7: Trapped sediment = gross × TE | B7: =B5*B6 | C7: Mm³
A9: Brune method applies to large storage reservoirs. TE = 100 % is used here per client instruction; to compute TE from Brune's curve, supply the mean annual inflow volume and use capacity/inflow ratio.

Sheet 2.6.2 Density
A1: 2.6.2 Density of Deposited Sediment
A2: Lara & Pemberton (Eq. 2.39), Miller compaction (Eq. 2.40–2.41) — metric (kg/m³)
A4: Coefficient tables (kg/m³)
A5: Operation | B5: Wc (clay) | C5: Wm (silt) | D5: Ws (sand) | E5: Kc | F5: Km
A6: 1 | B6: 416 | C6: 1120 | D6: 1550 | E6: 256 | F6: 91
A7: 2 | B7: 561 | C7: 1140 | D7: 1550 | E7: 135 | F7: 29
A8: 3 | B8: 641 | C8: 1150 | D8: 1550 | E8: 0 | F8: 0
A9: 4 | B9: 961 | C9: 1170 | D9: 1550 | E9: 0 | F9: 0
A11: Ks (sand) = 0 for all operations.
A13: Deposited unit weight
A14: Operation number | B14: =Inputs!$B$8
A15: Wc, Wm, Ws (selected) | B15: =INDEX($B$6:$B$9,MATCH(Inputs!$B$8,$A$6:$A$9,0)) | C15: =INDEX($C$6:$C$9,MATCH(Inputs!$B$8,$A$6:$A$9,0)) | D15: =INDEX($D$6:$D$9,MATCH(Inputs!$B$8,$A$6:$A$9,0))
A16: Kc, Km (selected) | B16: =INDEX($E$6:$E$9,MATCH(Inputs!$B$8,$A$6:$A$9,0)) | C16: =INDEX($F$6:$F$9,MATCH(Inputs!$B$8,$A$6:$A$9,0))
A18: Clay / silt / sand fractions | B18: =Inputs!$B$9 | C18: =Inputs!$B$10 | D18: =Inputs!$B$11
A20: Initial unit weight W1 = Wc·pc+Wm·pm+Ws·ps (Eq. 2.39) | B20: =B15*B18+C15*C18+D15*D18 | C20: kg/m³
A21: Compaction constant K = Kc·pc+Km·pm (Eq. 2.41) | B21: =B16*B18+C16*C18
A22: Design horizon T | B22: =Inputs!$B$6 | C22: years
A23: Average unit weight W_T = W1 + 0.4343·K·(T/(T-1)·ln T − 1) (Eq. 2.40) | B23: =B20+0.4343*B21*((B22/(B22-1))*LN(B22)-1) | C23: kg/m³
A24: Deposited unit weight (t/m³) | B24: =B23/1000
A26: Deposited sediment volume
A27: Trapped sediment | B27: ='2.6.1 Trap Efficiency'!B7 | C27: Mm³
A28: Reference unit weight (optional) | B28: =Inputs!$B$14 | C28: kg/m³
A29: Deposited volume (rescaled if ref given) | B29: =IF(B28="",B27,B27*B28/B23) | C29: Mm³
A31: If the supplied yield volume was computed at a reference density, enter it in Inputs to rescale to the deposited unit weight (deposited = trapped × ref / W_T). Blank = no rescale.

Sheet 2.6.3 Distribution
A1: 2.6.3 Sediment Distribution — Empirical Area-Reduction Method
A2: Borland & Miller (1960) / Lara (1962). Values computed by the Python engine.
A4: Distribution parameters
A5: Reservoir shape factor m (ln V vs ln depth) | C5: 2.902
A6: Reservoir type | C6: II | D6: by shape
A7: Design curve a(p) = 2.487·p^0.57·(1−p)^0.41
A8: Sediment volume distributed (50-yr) | C8: 3.485 | D8: Mm³
A9: Relative depth at new zero capacity, p0 | C9: 0.0585
A10: New zero-capacity (sediment) elevation at dam | C10: 23.12 | D10: m
A12: Redistribution table (below FSL)
A13: Elevation (m) | B13: Orig area (m²) | C13: Orig cap (Mm³) | D13: Rel depth p | E13: Sediment area (m²) | F13: Sed vol below (Mm³) | G13: Revised area (m²) | H13: Revised cap (Mm³)
A14: 19.4 | B14: 25 | C14: 0 | D14: 0 | E14: 25 | F14: 0 | G14: 0 | H14: 0
A15: 20.4 | B15: 1072 | C15: 0 | D15: 0.016 | E15: 1072 | F15: 0 | G15: 0 | H15: 0
A16: 21.4 | B16: 4189 | C16: 0.002 | D16: 0.031 | E16: 4189 | F16: 0.002 | G16: 0 | H16: 0
A17: 22.4 | B17: 16633 | C17: 0.013 | D17: 0.047 | E17: 16633 | F17: 0.013 | G17: 0 | H17: 0
A18: 23.4 | B18: 29949 | C18: 0.037 | D18: 0.063 | E18: 27689 | F18: 0.037 | G18: 2260 | H18: 0
A19: 24.4 | B19: 41743 | C19: 0.073 | D19: 0.079 | E19: 31227 | F19: 0.066 | G19: 10517 | H19: 0.007
A20: 25.4 | B20: 55209 | C20: 0.121 | D20: 0.094 | E20: 34403 | F20: 0.099 | G20: 20806 | H20: 0.022
A21: 26.4 | B21: 76679 | C21: 0.186 | D21: 0.11 | E21: 37294 | F21: 0.135 | G21: 39386 | H21: 0.051
A22: 27.4 | B22: 103311 | C22: 0.275 | D22: 0.126 | E22: 39950 | F22: 0.174 | G22: 63361 | H22: 0.101
A23: 28.4 | B23: 151788 | C23: 0.406 | D23: 0.142 | E23: 42407 | F23: 0.215 | G23: 109380 | H23: 0.191
A24: 29.4 | B24: 202483 | C24: 0.58 | D24: 0.157 | E24: 44692 | F24: 0.259 | G24: 157791 | H24: 0.322
A25: 30.4 | B25: 261134 | C25: 0.812 | D25: 0.173 | E25: 46824 | F25: 0.304 | G25: 214309 | H25: 0.507
... A78: 83 | B78: 3547167 | C78: 94.001 | D78: 1 | E78: 0 | F78: 3.485 | G78: 3547167 | H78: 90.516

Sheet Revised EAV
A1: Revised Elevation–Area–Volume Curve (50-yr)
A3: Elevation (m) | B3: Original area (m²) | C3: Revised area (m²) | D3: Original capacity (Mm³) | E3: Revised capacity (Mm³) | F3: Capacity lost (Mm³)
A4: 20 | B4: 515 | C4: 0 | D4: 0 | E4: 0 | F4: =D4-E4
A5: 21 | B5: 2033 | C5: 0 | D5: 0.001 | E5: 0 | F5: =D5-E5
A6: 22 | B6: 11576 | C6: 0 | D6: 0.008 | E6: 0 | F6: =D6-E6
A7: 23 | B7: 25267 | C7: 0 | D7: 0.026 | E7: 0 | F7: =D7-E7
A8: 24 | B8: 36987 | C8: 7143 | D8: 0.057 | E8: 0.003 | F8: =D8-E8
A9: 25 | B9: 49581 | C9: 16426 | D9: 0.1 | E9: 0.014 | F9: =D9-E9
A10: 26 | B10: 66452 | C10: 30297 | D10: 0.157 | E10: 0.037 | F10: =D10-E10
A11: 27 | B11: 90329 | C11: 51428 | D11: 0.236 | E11: 0.078 | F11: =D11-E11
A12: 28 | B12: 137414 | C12: 95979 | D12: 0.347 | E12: 0.149 | F12: =D12-E12
A13: 29 | B13: 178100 | C13: 134313 | D13: 0.503 | E13: 0.262 | F13: =D13-E13
A14: 30 | B14: 236893 | C14: 190914 | D14: 0.711 | E14: 0.425 | F14: =D14-E14
A15: 31 | B15: 298814 | C15: 250787 | D15: 0.978 | E15: 0.646 | F15: =D15-E15
... A78: 94 | B78: 4422151 | C78: 4422151 | D78: 138.532 | E78: 135.047 | F78: =D78-E78

Sheet Summary
A1: Summary of Results — Majlas Dam
A3: Quantity | B3: 50-year | C3: 100-year | D3: Unit
A4: Deposited unit weight W_T | B4: 1304.394 | C4: 1313.552 | D4: kg/m³
A5: Deposited sediment volume | B5: 3.485 | C5: 6.97 | D5: Mm³
A6: Original capacity at FSL | B6: 94.001 | C6: 94.001 | D6: Mm³
A7: Revised capacity at FSL | B7: 90.516 | C7: 87.032 | D7: Mm³
A8: Storage lost at FSL | B8: 3.485 | C8: 6.969 | D8: Mm³
A9: Storage lost at FSL | B9: 3.707 | C9: 7.414 | D9: %
A10: New zero-capacity elevation at dam | B10: 23.122 | C10: 26.337 | D10: m
A11: Reservoir type / shape factor m | B11: 2 | C11: 2.902 | D11: type / m
A13: Catchment soil texture (SoilGrids, 0–30 cm): clay 17.9%, silt 26.8%, sand 55.3%.
